{"metadata":{"asset_id":"a8600126-183f-4c4b-a26f-e9c5da0ff4ee","asset_attributes":["notebook"],"name":"Capstone Project Notebook","asset_type":"notebook","created_at":"2021-04-29T23:22:18Z","description":"","origin_country":"us","owner_id":"IBMid-664001LJNJ","project_id":"507e2935-a389-40f6-bf78-a9b95f424d4f","size":207,"tags":["notebook"],"usage":{"last_update_time":1619738821508,"last_updated_at":"2021-04-29T23:27:01Z"}},"entity":{"notebook":{"kernel":{"name":"python3","display_name":"Python 3.7","language":"python"},"originates_from":{"type":"blank"},"runtime":{"environment":"conda1py37-507e2935-a389-40f6-bf78-a9b95f424d4f"}}},"attachments":[{"id":"cb8d4470-34d6-409c-9a1e-438021372641","version":2,"asset_type":"notebook","name":"attachment for notebook a8600126-183f-4c4b-a26f-e9c5da0ff4ee","description":"attachment for notebook a8600126-183f-4c4b-a26f-e9c5da0ff4ee","mime":"application/json","datasource_type":"193a97c1-4475-4a19-b90c-295c4fdc6517","object_key":"notebook/Capstone_Project_Notebook_rW84XkpMP.ipynb","creator_id":"IBMid-664001LJNJ","create_time":1619738539487,"size":207,"is_remote":false,"is_managed":false,"is_referenced":true,"is_object_key_read_only":false,"is_user_provided_path_key":true,"transfer_complete":true,"is_partitioned":false,"complete_time_ticks":1619738539487,"user_data":{},"test_doc":0,"handle":{"bucket":"datasciencecapstoneproject-donotdelete-pr-drtozxydt7gcrp","location":"us-geo","key":"notebook/Capstone_Project_Notebook_rW84XkpMP.ipynb","upload_id":"done","max_part_num":1},"usage":{"access_count":0,"last_accessor_id":"IBMid-664001LJNJ","last_access_time":1619738539487}}]}
